<application>
  <component name="ExportableFileTemplateSettings">
    <internal_templates>
      <template name="C++ Class.cc" reformat="true" live-template-enabled="true" enabled="true" />
      <template name="C++ Class Header.h" reformat="true" live-template-enabled="true" enabled="true" />
    </internal_templates>
    <includes_templates>
      <template name="C File Header.h" reformat="true" live-template-enabled="true" enabled="true" />
    </includes_templates>
    <code_templates>
      <template name="C++ Implemented Function Body.cc" reformat="true" live-template-enabled="true" enabled="true" />
      <template name="C++ Overridden Function Body.cc" reformat="true" live-template-enabled="true" enabled="true" />
    </code_templates>
  </component>
</application>