<profile version="1.0">
  <option name="myName" value="Default" />
  <inspection_tool class="PyPackageRequirementsInspection" enabled="true" level="WARNING" enabled_by_default="true">
    <option name="ignoredPackages">
      <value>
        <list size="10">
          <item index="0" class="java.lang.String" itemvalue="pandas" />
          <item index="1" class="java.lang.String" itemvalue="scipy" />
          <item index="2" class="java.lang.String" itemvalue="joblib" />
          <item index="3" class="java.lang.String" itemvalue="scikit-learn" />
          <item index="4" class="java.lang.String" itemvalue="matplotlib" />
          <item index="5" class="java.lang.String" itemvalue="kiwisolver" />
          <item index="6" class="java.lang.String" itemvalue="numpy" />
          <item index="7" class="java.lang.String" itemvalue="pytz" />
          <item index="8" class="java.lang.String" itemvalue="lightgbm" />
          <item index="9" class="java.lang.String" itemvalue="Pillow" />
        </list>
      </value>
    </option>
  </inspection_tool>
  <inspection_tool class="PyPep8NamingInspection" enabled="true" level="WEAK WARNING" enabled_by_default="true">
    <option name="ignoredErrors">
      <list>
        <option value="N801" />
        <option value="N803" />
        <option value="N806" />
      </list>
    </option>
  </inspection_tool>
</profile>